Frequency(Hz),Value Type:,RLGC1[1 1] - (Line_1_2:Line_1_2)
1e+08,Resistance,0.354114
1e+08,Inductance,1.1295e-08
1e+08,Conductance,3.0986e-05
1e+08,Capacitance,1.91719e-12
2e+08,Resistance,0.540156
2e+08,Inductance,1.11575e-08
2e+08,Conductance,6.31922e-05
2e+08,Capacitance,1.91709e-12
3e+08,Resistance,0.684219
3e+08,Inductance,1.10972e-08
3e+08,Conductance,9.29396e-05
3e+08,Capacitance,1.91703e-12
4e+08,Resistance,0.804439
4e+08,Inductance,1.10615e-08
4e+08,Conductance,0.000120976
4e+08,Capacitance,1.917e-12
5e+08,Resistance,0.909302
5e+08,Inductance,1.10372e-08
5e+08,Conductance,0.000147915
5e+08,Capacitance,1.91698e-12
6e+08,Resistance,1.0034
6e+08,Inductance,1.10194e-08
6e+08,Conductance,0.000174085
6e+08,Capacitance,1.91697e-12
7e+08,Resistance,1.08946
7e+08,Inductance,1.10055e-08
7e+08,Conductance,0.000199697
7e+08,Capacitance,1.91696e-12
8e+08,Resistance,1.16917
8e+08,Inductance,1.09944e-08
8e+08,Conductance,0.000224865
8e+08,Capacitance,1.91695e-12
9e+08,Resistance,1.24375
9e+08,Inductance,1.09851e-08
9e+08,Conductance,0.000249675
9e+08,Capacitance,1.91695e-12
1e+09,Resistance,1.31411
1e+09,Inductance,1.09773e-08
1e+09,Conductance,0.000274184
1e+09,Capacitance,1.91695e-12
1.1e+09,Resistance,1.38084
1.1e+09,Inductance,1.09706e-08
1.1e+09,Conductance,0.000298504
1.1e+09,Capacitance,1.91694e-12
1.2e+09,Resistance,1.44447
1.2e+09,Inductance,1.09648e-08
1.2e+09,Conductance,0.000322577
1.2e+09,Capacitance,1.91694e-12
1.3e+09,Resistance,1.50574
1.3e+09,Inductance,1.09597e-08
1.3e+09,Conductance,0.000346504
1.3e+09,Capacitance,1.91694e-12
1.4e+09,Resistance,1.56436
1.4e+09,Inductance,1.09551e-08
1.4e+09,Conductance,0.000370258
1.4e+09,Capacitance,1.91694e-12
1.5e+09,Resistance,1.62077
1.5e+09,Inductance,1.09509e-08
1.5e+09,Conductance,0.000393878
1.5e+09,Capacitance,1.91694e-12
1.6e+09,Resistance,1.67533
1.6e+09,Inductance,1.09472e-08
1.6e+09,Conductance,0.000417354
1.6e+09,Capacitance,1.91694e-12
1.7e+09,Resistance,1.72802
1.7e+09,Inductance,1.09438e-08
1.7e+09,Conductance,0.000440743
1.7e+09,Capacitance,1.91694e-12
1.8e+09,Resistance,1.77936
1.8e+09,Inductance,1.09407e-08
1.8e+09,Conductance,0.000464021
1.8e+09,Capacitance,1.91694e-12
1.9e+09,Resistance,1.82902
1.9e+09,Inductance,1.09378e-08
1.9e+09,Conductance,0.00048721
1.9e+09,Capacitance,1.91694e-12
2e+09,Resistance,1.87745
2e+09,Inductance,1.09352e-08
2e+09,Conductance,0.00051031
2e+09,Capacitance,1.91694e-12
2.1e+09,Resistance,1.92477
2.1e+09,Inductance,1.09328e-08
2.1e+09,Conductance,0.000533336
2.1e+09,Capacitance,1.91694e-12
2.2e+09,Resistance,1.97097
2.2e+09,Inductance,1.09305e-08
2.2e+09,Conductance,0.000556283
2.2e+09,Capacitance,1.91694e-12
2.3e+09,Resistance,2.01592
2.3e+09,Inductance,1.09284e-08
2.3e+09,Conductance,0.000579178
2.3e+09,Capacitance,1.91694e-12
2.4e+09,Resistance,2.06006
2.4e+09,Inductance,1.09264e-08
2.4e+09,Conductance,0.000601973
2.4e+09,Capacitance,1.91694e-12
2.5e+09,Resistance,2.10308
2.5e+09,Inductance,1.09245e-08
2.5e+09,Conductance,0.00062477
2.5e+09,Capacitance,1.91694e-12
2.6e+09,Resistance,2.14537
2.6e+09,Inductance,1.09227e-08
2.6e+09,Conductance,0.000647482
2.6e+09,Capacitance,1.91694e-12
2.7e+09,Resistance,2.18688
2.7e+09,Inductance,1.09211e-08
2.7e+09,Conductance,0.000670131
2.7e+09,Capacitance,1.91694e-12
2.8e+09,Resistance,2.22748
2.8e+09,Inductance,1.09195e-08
2.8e+09,Conductance,0.000692741
2.8e+09,Capacitance,1.91694e-12
2.9e+09,Resistance,2.26694
2.9e+09,Inductance,1.0918e-08
2.9e+09,Conductance,0.000715368
2.9e+09,Capacitance,1.91694e-12
3e+09,Resistance,2.30652
3e+09,Inductance,1.09166e-08
3e+09,Conductance,0.000737851
3e+09,Capacitance,1.91694e-12
3.1e+09,Resistance,2.34471
3.1e+09,Inductance,1.09152e-08
3.1e+09,Conductance,0.000760392
3.1e+09,Capacitance,1.91694e-12
3.2e+09,Resistance,2.38272
3.2e+09,Inductance,1.0914e-08
3.2e+09,Conductance,0.000782833
3.2e+09,Capacitance,1.91694e-12
3.3e+09,Resistance,2.41983
3.3e+09,Inductance,1.09127e-08
3.3e+09,Conductance,0.000805276
3.3e+09,Capacitance,1.91694e-12
3.4e+09,Resistance,2.45645
3.4e+09,Inductance,1.09115e-08
3.4e+09,Conductance,0.000827686
3.4e+09,Capacitance,1.91695e-12
3.5e+09,Resistance,2.49278
3.5e+09,Inductance,1.09103e-08
3.5e+09,Conductance,0.000850007
3.5e+09,Capacitance,1.91696e-12
3.6e+09,Resistance,2.5293
3.6e+09,Inductance,1.09094e-08
3.6e+09,Conductance,0.000872158
3.6e+09,Capacitance,1.91693e-12
3.7e+09,Resistance,2.56389
3.7e+09,Inductance,1.09083e-08
3.7e+09,Conductance,0.000894552
3.7e+09,Capacitance,1.91694e-12
3.8e+09,Resistance,2.59882
3.8e+09,Inductance,1.09074e-08
3.8e+09,Conductance,0.000916744
3.8e+09,Capacitance,1.91694e-12
3.9e+09,Resistance,2.63351
3.9e+09,Inductance,1.09064e-08
3.9e+09,Conductance,0.000938879
3.9e+09,Capacitance,1.91694e-12
4e+09,Resistance,2.66703
4e+09,Inductance,1.09055e-08
4e+09,Conductance,0.000961145
4e+09,Capacitance,1.91694e-12
4.1e+09,Resistance,2.70025
4.1e+09,Inductance,1.09046e-08
4.1e+09,Conductance,0.000983341
4.1e+09,Capacitance,1.91694e-12
4.2e+09,Resistance,2.73345
4.2e+09,Inductance,1.09038e-08
4.2e+09,Conductance,0.00100544
4.2e+09,Capacitance,1.91694e-12
4.3e+09,Resistance,2.76611
4.3e+09,Inductance,1.0903e-08
4.3e+09,Conductance,0.00102754
4.3e+09,Capacitance,1.91694e-12
4.4e+09,Resistance,2.79816
4.4e+09,Inductance,1.09022e-08
4.4e+09,Conductance,0.00104967
4.4e+09,Capacitance,1.91694e-12
4.5e+09,Resistance,2.83014
4.5e+09,Inductance,1.09014e-08
4.5e+09,Conductance,0.00107172
4.5e+09,Capacitance,1.91694e-12
4.6e+09,Resistance,2.86145
4.6e+09,Inductance,1.09007e-08
4.6e+09,Conductance,0.00109379
4.6e+09,Capacitance,1.91694e-12
4.7e+09,Resistance,2.89261
4.7e+09,Inductance,1.09e-08
4.7e+09,Conductance,0.00111581
4.7e+09,Capacitance,1.91694e-12
4.8e+09,Resistance,2.92336
4.8e+09,Inductance,1.08993e-08
4.8e+09,Conductance,0.00113785
4.8e+09,Capacitance,1.91694e-12
4.9e+09,Resistance,2.95408
4.9e+09,Inductance,1.08986e-08
4.9e+09,Conductance,0.00115978
4.9e+09,Capacitance,1.91694e-12
5e+09,Resistance,2.98427
5e+09,Inductance,1.08979e-08
5e+09,Conductance,0.00118177
5e+09,Capacitance,1.91694e-12
5.1e+09,Resistance,3.01396
5.1e+09,Inductance,1.08973e-08
5.1e+09,Conductance,0.00120372
5.1e+09,Capacitance,1.91694e-12
5.2e+09,Resistance,3.04349
5.2e+09,Inductance,1.08967e-08
5.2e+09,Conductance,0.00122567
5.2e+09,Capacitance,1.91694e-12
5.3e+09,Resistance,3.07291
5.3e+09,Inductance,1.08961e-08
5.3e+09,Conductance,0.00124756
5.3e+09,Capacitance,1.91694e-12
5.4e+09,Resistance,3.10172
5.4e+09,Inductance,1.08955e-08
5.4e+09,Conductance,0.00126949
5.4e+09,Capacitance,1.91694e-12
5.5e+09,Resistance,3.13034
5.5e+09,Inductance,1.0895e-08
5.5e+09,Conductance,0.0012914
5.5e+09,Capacitance,1.91694e-12
5.6e+09,Resistance,3.15926
5.6e+09,Inductance,1.08944e-08
5.6e+09,Conductance,0.0013132
5.6e+09,Capacitance,1.91694e-12
5.7e+09,Resistance,3.18727
5.7e+09,Inductance,1.08939e-08
5.7e+09,Conductance,0.00133508
5.7e+09,Capacitance,1.91694e-12
5.8e+09,Resistance,3.21543
5.8e+09,Inductance,1.08934e-08
5.8e+09,Conductance,0.00135689
5.8e+09,Capacitance,1.91694e-12
5.9e+09,Resistance,3.24284
5.9e+09,Inductance,1.08929e-08
5.9e+09,Conductance,0.00137877
5.9e+09,Capacitance,1.91694e-12
6e+09,Resistance,3.27077
6e+09,Inductance,1.08924e-08
6e+09,Conductance,0.0014005
6e+09,Capacitance,1.91694e-12
6.1e+09,Resistance,3.29802
6.1e+09,Inductance,1.08919e-08
6.1e+09,Conductance,0.00142231
6.1e+09,Capacitance,1.91694e-12
6.2e+09,Resistance,3.32494
6.2e+09,Inductance,1.08914e-08
6.2e+09,Conductance,0.00144409
6.2e+09,Capacitance,1.91694e-12
6.3e+09,Resistance,3.35182
6.3e+09,Inductance,1.0891e-08
6.3e+09,Conductance,0.00146585
6.3e+09,Capacitance,1.91694e-12
6.4e+09,Resistance,3.37845
6.4e+09,Inductance,1.08905e-08
6.4e+09,Conductance,0.00148759
6.4e+09,Capacitance,1.91694e-12
6.5e+09,Resistance,3.40571
6.5e+09,Inductance,1.08901e-08
6.5e+09,Conductance,0.00150921
6.5e+09,Capacitance,1.91694e-12
6.6e+09,Resistance,3.43099
6.6e+09,Inductance,1.08896e-08
6.6e+09,Conductance,0.00153109
6.6e+09,Capacitance,1.91694e-12
6.7e+09,Resistance,3.45654
6.7e+09,Inductance,1.08893e-08
6.7e+09,Conductance,0.00155286
6.7e+09,Capacitance,1.91694e-12
6.8e+09,Resistance,3.48189
6.8e+09,Inductance,1.08889e-08
6.8e+09,Conductance,0.00157464
6.8e+09,Capacitance,1.91693e-12
6.9e+09,Resistance,3.50792
6.9e+09,Inductance,1.08885e-08
6.9e+09,Conductance,0.00159627
6.9e+09,Capacitance,1.91694e-12
7e+09,Resistance,3.53401
7e+09,Inductance,1.0888e-08
7e+09,Conductance,0.00161785
7e+09,Capacitance,1.91694e-12
7.1e+09,Resistance,3.55939
7.1e+09,Inductance,1.08876e-08
7.1e+09,Conductance,0.00163949
7.1e+09,Capacitance,1.91695e-12
7.2e+09,Resistance,3.58463
7.2e+09,Inductance,1.08873e-08
7.2e+09,Conductance,0.00166111
7.2e+09,Capacitance,1.91694e-12
7.3e+09,Resistance,3.60886
7.3e+09,Inductance,1.08869e-08
7.3e+09,Conductance,0.00168288
7.3e+09,Capacitance,1.91694e-12
7.4e+09,Resistance,3.63353
7.4e+09,Inductance,1.08866e-08
7.4e+09,Conductance,0.00170454
7.4e+09,Capacitance,1.91694e-12
7.5e+09,Resistance,3.65802
7.5e+09,Inductance,1.08862e-08
7.5e+09,Conductance,0.00172619
7.5e+09,Capacitance,1.91694e-12
7.6e+09,Resistance,3.68261
7.6e+09,Inductance,1.08859e-08
7.6e+09,Conductance,0.00174777
7.6e+09,Capacitance,1.91694e-12
7.7e+09,Resistance,3.70663
7.7e+09,Inductance,1.08855e-08
7.7e+09,Conductance,0.00176941
7.7e+09,Capacitance,1.91694e-12
7.8e+09,Resistance,3.73045
7.8e+09,Inductance,1.08852e-08
7.8e+09,Conductance,0.00179107
7.8e+09,Capacitance,1.91694e-12
7.9e+09,Resistance,3.75465
7.9e+09,Inductance,1.08849e-08
7.9e+09,Conductance,0.0018126
7.9e+09,Capacitance,1.91694e-12
8e+09,Resistance,3.77886
8e+09,Inductance,1.08846e-08
8e+09,Conductance,0.0018341
8e+09,Capacitance,1.91694e-12
8.1e+09,Resistance,3.80232
8.1e+09,Inductance,1.08842e-08
8.1e+09,Conductance,0.00185569
8.1e+09,Capacitance,1.91694e-12
8.2e+09,Resistance,3.82572
8.2e+09,Inductance,1.08839e-08
8.2e+09,Conductance,0.00187728
8.2e+09,Capacitance,1.91694e-12
8.3e+09,Resistance,3.84886
8.3e+09,Inductance,1.08836e-08
8.3e+09,Conductance,0.00189886
8.3e+09,Capacitance,1.91694e-12
8.4e+09,Resistance,3.87205
8.4e+09,Inductance,1.08833e-08
8.4e+09,Conductance,0.0019204
8.4e+09,Capacitance,1.91694e-12
8.5e+09,Resistance,3.89489
8.5e+09,Inductance,1.0883e-08
8.5e+09,Conductance,0.00194197
8.5e+09,Capacitance,1.91694e-12
8.6e+09,Resistance,3.91768
8.6e+09,Inductance,1.08828e-08
8.6e+09,Conductance,0.00196354
8.6e+09,Capacitance,1.91694e-12
8.7e+09,Resistance,3.94057
8.7e+09,Inductance,1.08825e-08
8.7e+09,Conductance,0.00198502
8.7e+09,Capacitance,1.91694e-12
8.8e+09,Resistance,3.96333
8.8e+09,Inductance,1.08822e-08
8.8e+09,Conductance,0.00200652
8.8e+09,Capacitance,1.91694e-12
8.9e+09,Resistance,3.9858
8.9e+09,Inductance,1.08819e-08
8.9e+09,Conductance,0.00202805
8.9e+09,Capacitance,1.91694e-12
9e+09,Resistance,4.0081
9e+09,Inductance,1.08817e-08
9e+09,Conductance,0.00204956
9e+09,Capacitance,1.91694e-12
9.1e+09,Resistance,4.03025
9.1e+09,Inductance,1.08814e-08
9.1e+09,Conductance,0.00207106
9.1e+09,Capacitance,1.91694e-12
9.2e+09,Resistance,4.05276
9.2e+09,Inductance,1.08811e-08
9.2e+09,Conductance,0.00209249
9.2e+09,Capacitance,1.91694e-12
9.3e+09,Resistance,4.07447
9.3e+09,Inductance,1.08809e-08
9.3e+09,Conductance,0.00211404
9.3e+09,Capacitance,1.91694e-12
9.4e+09,Resistance,4.0966
9.4e+09,Inductance,1.08806e-08
9.4e+09,Conductance,0.00213546
9.4e+09,Capacitance,1.91694e-12
9.5e+09,Resistance,4.11834
9.5e+09,Inductance,1.08804e-08
9.5e+09,Conductance,0.00215693
9.5e+09,Capacitance,1.91695e-12
9.6e+09,Resistance,4.14058
9.6e+09,Inductance,1.08802e-08
9.6e+09,Conductance,0.00217829
9.6e+09,Capacitance,1.91694e-12
9.7e+09,Resistance,4.1623
9.7e+09,Inductance,1.08799e-08
9.7e+09,Conductance,0.0021997
9.7e+09,Capacitance,1.91694e-12
9.8e+09,Resistance,4.18251
9.8e+09,Inductance,1.08797e-08
9.8e+09,Conductance,0.00222136
9.8e+09,Capacitance,1.91695e-12
9.9e+09,Resistance,4.20395
9.9e+09,Inductance,1.08795e-08
9.9e+09,Conductance,0.00224279
9.9e+09,Capacitance,1.91694e-12
1e+10,Resistance,4.22561
1e+10,Inductance,1.08792e-08
1e+10,Conductance,0.00226413
1e+10,Capacitance,1.91694e-12
1.01e+10,Resistance,4.24481
1.01e+10,Inductance,1.0879e-08
1.01e+10,Conductance,0.00228588
1.01e+10,Capacitance,1.91694e-12
1.02e+10,Resistance,4.26723
1.02e+10,Inductance,1.08788e-08
1.02e+10,Conductance,0.00230707
1.02e+10,Capacitance,1.91694e-12
1.03e+10,Resistance,4.2867
1.03e+10,Inductance,1.08786e-08
1.03e+10,Conductance,0.00232872
1.03e+10,Capacitance,1.91694e-12
1.04e+10,Resistance,4.30898
1.04e+10,Inductance,1.08784e-08
1.04e+10,Conductance,0.00234986
1.04e+10,Capacitance,1.91694e-12
1.05e+10,Resistance,4.32994
1.05e+10,Inductance,1.08781e-08
1.05e+10,Conductance,0.00237124
1.05e+10,Capacitance,1.91695e-12
1.06e+10,Resistance,4.35091
1.06e+10,Inductance,1.08779e-08
1.06e+10,Conductance,0.00239256
1.06e+10,Capacitance,1.91695e-12
1.07e+10,Resistance,4.37068
1.07e+10,Inductance,1.08777e-08
1.07e+10,Conductance,0.00241407
1.07e+10,Capacitance,1.91694e-12
1.08e+10,Resistance,4.39222
1.08e+10,Inductance,1.08775e-08
1.08e+10,Conductance,0.00243524
1.08e+10,Capacitance,1.91694e-12
1.09e+10,Resistance,4.41159
1.09e+10,Inductance,1.08773e-08
1.09e+10,Conductance,0.00245681
1.09e+10,Capacitance,1.91694e-12
1.1e+10,Resistance,4.43239
1.1e+10,Inductance,1.08771e-08
1.1e+10,Conductance,0.00247807
1.1e+10,Capacitance,1.91694e-12
1.11e+10,Resistance,4.45175
1.11e+10,Inductance,1.08769e-08
1.11e+10,Conductance,0.00249958
1.11e+10,Capacitance,1.91695e-12
1.12e+10,Resistance,4.47258
1.12e+10,Inductance,1.08767e-08
1.12e+10,Conductance,0.00252079
1.12e+10,Capacitance,1.91695e-12
1.13e+10,Resistance,4.49205
1.13e+10,Inductance,1.08765e-08
1.13e+10,Conductance,0.00254224
1.13e+10,Capacitance,1.91694e-12
1.14e+10,Resistance,4.51153
1.14e+10,Inductance,1.08764e-08
1.14e+10,Conductance,0.00256366
1.14e+10,Capacitance,1.91695e-12
1.15e+10,Resistance,4.53231
1.15e+10,Inductance,1.08762e-08
1.15e+10,Conductance,0.00258482
1.15e+10,Capacitance,1.91694e-12
1.16e+10,Resistance,4.55109
1.16e+10,Inductance,1.0876e-08
1.16e+10,Conductance,0.00260632
1.16e+10,Capacitance,1.91695e-12
1.17e+10,Resistance,4.57154
1.17e+10,Inductance,1.08758e-08
1.17e+10,Conductance,0.00262751
1.17e+10,Capacitance,1.91695e-12
1.18e+10,Resistance,4.59109
1.18e+10,Inductance,1.08756e-08
1.18e+10,Conductance,0.00264884
1.18e+10,Capacitance,1.91694e-12
1.19e+10,Resistance,4.60995
1.19e+10,Inductance,1.08755e-08
1.19e+10,Conductance,0.00267025
1.19e+10,Capacitance,1.91694e-12
1.2e+10,Resistance,4.6295
1.2e+10,Inductance,1.08753e-08
1.2e+10,Conductance,0.00269153
1.2e+10,Capacitance,1.91694e-12
1.21e+10,Resistance,4.64908
1.21e+10,Inductance,1.08751e-08
1.21e+10,Conductance,0.00271279
1.21e+10,Capacitance,1.91695e-12
1.22e+10,Resistance,4.66801
1.22e+10,Inductance,1.08749e-08
1.22e+10,Conductance,0.00273416
1.22e+10,Capacitance,1.91695e-12
1.23e+10,Resistance,4.6878
1.23e+10,Inductance,1.08748e-08
1.23e+10,Conductance,0.00275536
1.23e+10,Capacitance,1.91694e-12
1.24e+10,Resistance,4.70579
1.24e+10,Inductance,1.08746e-08
1.24e+10,Conductance,0.00277683
1.24e+10,Capacitance,1.91695e-12
1.25e+10,Resistance,4.72493
1.25e+10,Inductance,1.08744e-08
1.25e+10,Conductance,0.00279809
1.25e+10,Capacitance,1.91695e-12
1.26e+10,Resistance,4.74411
1.26e+10,Inductance,1.08743e-08
1.26e+10,Conductance,0.00281934
1.26e+10,Capacitance,1.91694e-12
1.27e+10,Resistance,4.76282
1.27e+10,Inductance,1.08741e-08
1.27e+10,Conductance,0.00284062
1.27e+10,Capacitance,1.91695e-12
1.28e+10,Resistance,4.78224
1.28e+10,Inductance,1.0874e-08
1.28e+10,Conductance,0.00286182
1.28e+10,Capacitance,1.91695e-12
1.29e+10,Resistance,4.80012
1.29e+10,Inductance,1.08738e-08
1.29e+10,Conductance,0.00288323
1.29e+10,Capacitance,1.91695e-12
1.3e+10,Resistance,4.81823
1.3e+10,Inductance,1.08737e-08
1.3e+10,Conductance,0.00290457
1.3e+10,Capacitance,1.91695e-12
1.31e+10,Resistance,4.83807
1.31e+10,Inductance,1.08735e-08
1.31e+10,Conductance,0.00292562
1.31e+10,Capacitance,1.91694e-12
1.32e+10,Resistance,4.85523
1.32e+10,Inductance,1.08734e-08
1.32e+10,Conductance,0.00294711
1.32e+10,Capacitance,1.91695e-12
1.33e+10,Resistance,4.87508
1.33e+10,Inductance,1.08732e-08
1.33e+10,Conductance,0.00296811
1.33e+10,Capacitance,1.91695e-12
1.34e+10,Resistance,4.8933
1.34e+10,Inductance,1.0873e-08
1.34e+10,Conductance,0.0029894
1.34e+10,Capacitance,1.91695e-12
1.35e+10,Resistance,4.90914
1.35e+10,Inductance,1.08729e-08
1.35e+10,Conductance,0.00301106
1.35e+10,Capacitance,1.91695e-12
1.36e+10,Resistance,4.93116
1.36e+10,Inductance,1.08728e-08
1.36e+10,Conductance,0.00303165
1.36e+10,Capacitance,1.91695e-12
1.37e+10,Resistance,4.94681
1.37e+10,Inductance,1.08726e-08
1.37e+10,Conductance,0.0030533
1.37e+10,Capacitance,1.91695e-12
1.38e+10,Resistance,4.96189
1.38e+10,Inductance,1.08725e-08
1.38e+10,Conductance,0.00307506
1.38e+10,Capacitance,1.91695e-12
1.39e+10,Resistance,4.98637
1.39e+10,Inductance,1.08724e-08
1.39e+10,Conductance,0.00309514
1.39e+10,Capacitance,1.91694e-12
1.4e+10,Resistance,5.0034
1.4e+10,Inductance,1.08723e-08
1.4e+10,Conductance,0.00311652
1.4e+10,Capacitance,1.91694e-12
1.41e+10,Resistance,5.02127
1.41e+10,Inductance,1.08721e-08
1.41e+10,Conductance,0.00313777
1.41e+10,Capacitance,1.91695e-12
1.42e+10,Resistance,5.03786
1.42e+10,Inductance,1.0872e-08
1.42e+10,Conductance,0.00315919
1.42e+10,Capacitance,1.91695e-12
1.43e+10,Resistance,5.05398
1.43e+10,Inductance,1.08718e-08
1.43e+10,Conductance,0.0031807
1.43e+10,Capacitance,1.91695e-12
1.44e+10,Resistance,5.0721
1.44e+10,Inductance,1.08717e-08
1.44e+10,Conductance,0.00320184
1.44e+10,Capacitance,1.91695e-12
1.45e+10,Resistance,5.09089
1.45e+10,Inductance,1.08716e-08
1.45e+10,Conductance,0.00322284
1.45e+10,Capacitance,1.91695e-12
1.46e+10,Resistance,5.10617
1.46e+10,Inductance,1.08714e-08
1.46e+10,Conductance,0.00324446
1.46e+10,Capacitance,1.91695e-12
1.47e+10,Resistance,5.12465
1.47e+10,Inductance,1.08713e-08
1.47e+10,Conductance,0.00326548
1.47e+10,Capacitance,1.91695e-12
1.48e+10,Resistance,5.1425
1.48e+10,Inductance,1.08712e-08
1.48e+10,Conductance,0.00328661
1.48e+10,Capacitance,1.91695e-12
1.49e+10,Resistance,5.16029
1.49e+10,Inductance,1.08711e-08
1.49e+10,Conductance,0.00330772
1.49e+10,Capacitance,1.91695e-12
1.5e+10,Resistance,5.17651
1.5e+10,Inductance,1.08709e-08
1.5e+10,Conductance,0.00332911
1.5e+10,Capacitance,1.91695e-12
1.51e+10,Resistance,5.19359
1.51e+10,Inductance,1.08708e-08
1.51e+10,Conductance,0.00335034
1.51e+10,Capacitance,1.91695e-12
1.52e+10,Resistance,5.2112
1.52e+10,Inductance,1.08707e-08
1.52e+10,Conductance,0.00337144
1.52e+10,Capacitance,1.91695e-12
1.53e+10,Resistance,5.22874
1.53e+10,Inductance,1.08706e-08
1.53e+10,Conductance,0.00339256
1.53e+10,Capacitance,1.91695e-12
1.54e+10,Resistance,5.24523
1.54e+10,Inductance,1.08705e-08
1.54e+10,Conductance,0.00341386
1.54e+10,Capacitance,1.91695e-12
1.55e+10,Resistance,5.26307
1.55e+10,Inductance,1.08703e-08
1.55e+10,Conductance,0.00343488
1.55e+10,Capacitance,1.91695e-12
1.56e+10,Resistance,5.27947
1.56e+10,Inductance,1.08702e-08
1.56e+10,Conductance,0.00345617
1.56e+10,Capacitance,1.91695e-12
1.57e+10,Resistance,5.29675
1.57e+10,Inductance,1.08701e-08
1.57e+10,Conductance,0.00347725
1.57e+10,Capacitance,1.91695e-12
1.58e+10,Resistance,5.31274
1.58e+10,Inductance,1.087e-08
1.58e+10,Conductance,0.00349861
1.58e+10,Capacitance,1.91695e-12
1.59e+10,Resistance,5.33035
1.59e+10,Inductance,1.08699e-08
1.59e+10,Conductance,0.00351962
1.59e+10,Capacitance,1.91695e-12
1.6e+10,Resistance,5.34632
1.6e+10,Inductance,1.08698e-08
1.6e+10,Conductance,0.00354091
1.6e+10,Capacitance,1.91695e-12
1.61e+10,Resistance,5.36385
1.61e+10,Inductance,1.08696e-08
1.61e+10,Conductance,0.00356192
1.61e+10,Capacitance,1.91695e-12
1.62e+10,Resistance,5.37986
1.62e+10,Inductance,1.08695e-08
1.62e+10,Conductance,0.00358319
1.62e+10,Capacitance,1.91695e-12
1.63e+10,Resistance,5.39705
1.63e+10,Inductance,1.08694e-08
1.63e+10,Conductance,0.00360425
1.63e+10,Capacitance,1.91695e-12
1.64e+10,Resistance,5.4131
1.64e+10,Inductance,1.08693e-08
1.64e+10,Conductance,0.00362548
1.64e+10,Capacitance,1.91695e-12
1.65e+10,Resistance,5.42881
1.65e+10,Inductance,1.08692e-08
1.65e+10,Conductance,0.00364676
1.65e+10,Capacitance,1.91695e-12
1.66e+10,Resistance,5.44705
1.66e+10,Inductance,1.08691e-08
1.66e+10,Conductance,0.00366758
1.66e+10,Capacitance,1.91695e-12
1.67e+10,Resistance,5.46206
1.67e+10,Inductance,1.0869e-08
1.67e+10,Conductance,0.00368898
1.67e+10,Capacitance,1.91695e-12
1.68e+10,Resistance,5.47938
1.68e+10,Inductance,1.08689e-08
1.68e+10,Conductance,0.00370993
1.68e+10,Capacitance,1.91695e-12
1.69e+10,Resistance,5.49535
1.69e+10,Inductance,1.08688e-08
1.69e+10,Conductance,0.00373115
1.69e+10,Capacitance,1.91695e-12
1.7e+10,Resistance,5.51209
1.7e+10,Inductance,1.08687e-08
1.7e+10,Conductance,0.00375219
1.7e+10,Capacitance,1.91695e-12
1.71e+10,Resistance,5.52756
1.71e+10,Inductance,1.08686e-08
1.71e+10,Conductance,0.00377345
1.71e+10,Capacitance,1.91695e-12
1.72e+10,Resistance,5.54413
1.72e+10,Inductance,1.08685e-08
1.72e+10,Conductance,0.00379448
1.72e+10,Capacitance,1.91695e-12
1.73e+10,Resistance,5.55742
1.73e+10,Inductance,1.08684e-08
1.73e+10,Conductance,0.00381612
1.73e+10,Capacitance,1.91695e-12
1.74e+10,Resistance,5.57639
1.74e+10,Inductance,1.08683e-08
1.74e+10,Conductance,0.00383671
1.74e+10,Capacitance,1.91695e-12
1.75e+10,Resistance,5.58996
1.75e+10,Inductance,1.08682e-08
1.75e+10,Conductance,0.00385827
1.75e+10,Capacitance,1.91694e-12
1.76e+10,Resistance,5.60827
1.76e+10,Inductance,1.08681e-08
1.76e+10,Conductance,0.003879
1.76e+10,Capacitance,1.91695e-12
1.77e+10,Resistance,5.62265
1.77e+10,Inductance,1.0868e-08
1.77e+10,Conductance,0.00390036
1.77e+10,Capacitance,1.91695e-12
1.78e+10,Resistance,5.6397
1.78e+10,Inductance,1.08679e-08
1.78e+10,Conductance,0.00392127
1.78e+10,Capacitance,1.91695e-12
1.79e+10,Resistance,5.65583
1.79e+10,Inductance,1.08678e-08
1.79e+10,Conductance,0.00394233
1.79e+10,Capacitance,1.91695e-12
1.8e+10,Resistance,5.67135
1.8e+10,Inductance,1.08677e-08
1.8e+10,Conductance,0.00396347
1.8e+10,Capacitance,1.91695e-12
1.81e+10,Resistance,5.68664
1.81e+10,Inductance,1.08676e-08
1.81e+10,Conductance,0.00398465
1.81e+10,Capacitance,1.91695e-12
1.82e+10,Resistance,5.70246
1.82e+10,Inductance,1.08675e-08
1.82e+10,Conductance,0.00400573
1.82e+10,Capacitance,1.91695e-12
1.83e+10,Resistance,5.71812
1.83e+10,Inductance,1.08674e-08
1.83e+10,Conductance,0.00402681
1.83e+10,Capacitance,1.91695e-12
1.84e+10,Resistance,5.73394
1.84e+10,Inductance,1.08674e-08
1.84e+10,Conductance,0.00404788
1.84e+10,Capacitance,1.91695e-12
1.85e+10,Resistance,5.74928
1.85e+10,Inductance,1.08673e-08
1.85e+10,Conductance,0.00406901
1.85e+10,Capacitance,1.91695e-12
1.86e+10,Resistance,5.76456
1.86e+10,Inductance,1.08672e-08
1.86e+10,Conductance,0.00409014
1.86e+10,Capacitance,1.91695e-12
1.87e+10,Resistance,5.77973
1.87e+10,Inductance,1.08671e-08
1.87e+10,Conductance,0.00411131
1.87e+10,Capacitance,1.91695e-12
1.88e+10,Resistance,5.79642
1.88e+10,Inductance,1.0867e-08
1.88e+10,Conductance,0.00413216
1.88e+10,Capacitance,1.91695e-12
1.89e+10,Resistance,5.81203
1.89e+10,Inductance,1.08669e-08
1.89e+10,Conductance,0.00415323
1.89e+10,Capacitance,1.91695e-12
1.9e+10,Resistance,5.82721
1.9e+10,Inductance,1.08668e-08
1.9e+10,Conductance,0.00417431
1.9e+10,Capacitance,1.91695e-12
1.91e+10,Resistance,5.8421
1.91e+10,Inductance,1.08667e-08
1.91e+10,Conductance,0.00419547
1.91e+10,Capacitance,1.91695e-12
1.92e+10,Resistance,5.85765
1.92e+10,Inductance,1.08666e-08
1.92e+10,Conductance,0.00421649
1.92e+10,Capacitance,1.91695e-12
1.93e+10,Resistance,5.87319
1.93e+10,Inductance,1.08666e-08
1.93e+10,Conductance,0.00423754
1.93e+10,Capacitance,1.91695e-12
1.94e+10,Resistance,5.88744
1.94e+10,Inductance,1.08665e-08
1.94e+10,Conductance,0.00425875
1.94e+10,Capacitance,1.91695e-12
1.95e+10,Resistance,5.90279
1.95e+10,Inductance,1.08664e-08
1.95e+10,Conductance,0.00427977
1.95e+10,Capacitance,1.91695e-12
1.96e+10,Resistance,5.91774
1.96e+10,Inductance,1.08663e-08
1.96e+10,Conductance,0.00430089
1.96e+10,Capacitance,1.91695e-12
1.97e+10,Resistance,5.93304
1.97e+10,Inductance,1.08662e-08
1.97e+10,Conductance,0.00432191
1.97e+10,Capacitance,1.91695e-12
1.98e+10,Resistance,5.94865
1.98e+10,Inductance,1.08662e-08
1.98e+10,Conductance,0.00434289
1.98e+10,Capacitance,1.91695e-12
1.99e+10,Resistance,5.96419
1.99e+10,Inductance,1.08661e-08
1.99e+10,Conductance,0.00436386
1.99e+10,Capacitance,1.91695e-12
2e+10,Resistance,5.97871
2e+10,Inductance,1.0866e-08
2e+10,Conductance,0.00438498
2e+10,Capacitance,1.91695e-12
2.01e+10,Resistance,5.99187
2.01e+10,Inductance,1.08659e-08
2.01e+10,Conductance,0.00440634
2.01e+10,Capacitance,1.91695e-12
2.02e+10,Resistance,6.00958
2.02e+10,Inductance,1.08658e-08
2.02e+10,Conductance,0.00442691
2.02e+10,Capacitance,1.91695e-12
2.03e+10,Resistance,6.0222
2.03e+10,Inductance,1.08658e-08
2.03e+10,Conductance,0.00444834
2.03e+10,Capacitance,1.91695e-12
2.04e+10,Resistance,6.03694
2.04e+10,Inductance,1.08657e-08
2.04e+10,Conductance,0.00446942
2.04e+10,Capacitance,1.91695e-12
2.05e+10,Resistance,6.05328
2.05e+10,Inductance,1.08656e-08
2.05e+10,Conductance,0.00449019
2.05e+10,Capacitance,1.91695e-12
2.06e+10,Resistance,6.06876
2.06e+10,Inductance,1.08655e-08
2.06e+10,Conductance,0.00451111
2.06e+10,Capacitance,1.91695e-12
2.07e+10,Resistance,6.08033
2.07e+10,Inductance,1.08654e-08
2.07e+10,Conductance,0.00453272
2.07e+10,Capacitance,1.91695e-12
2.08e+10,Resistance,6.09579
2.08e+10,Inductance,1.08653e-08
2.08e+10,Conductance,0.00455361
2.08e+10,Capacitance,1.91696e-12
2.09e+10,Resistance,6.11051
2.09e+10,Inductance,1.08653e-08
2.09e+10,Conductance,0.00457461
2.09e+10,Capacitance,1.91695e-12
2.1e+10,Resistance,6.12639
2.1e+10,Inductance,1.08652e-08
2.1e+10,Conductance,0.00459545
2.1e+10,Capacitance,1.91695e-12
2.11e+10,Resistance,6.14122
2.11e+10,Inductance,1.08652e-08
2.11e+10,Conductance,0.00461643
2.11e+10,Capacitance,1.91695e-12
2.12e+10,Resistance,6.15708
2.12e+10,Inductance,1.08651e-08
2.12e+10,Conductance,0.0046372
2.12e+10,Capacitance,1.91695e-12
2.13e+10,Resistance,6.16798
2.13e+10,Inductance,1.0865e-08
2.13e+10,Conductance,0.0046589
2.13e+10,Capacitance,1.91695e-12
2.14e+10,Resistance,6.18403
2.14e+10,Inductance,1.08649e-08
2.14e+10,Conductance,0.00467963
2.14e+10,Capacitance,1.91695e-12
2.15e+10,Resistance,6.19859
2.15e+10,Inductance,1.08649e-08
2.15e+10,Conductance,0.00470065
2.15e+10,Capacitance,1.91695e-12
2.16e+10,Resistance,6.21096
2.16e+10,Inductance,1.08648e-08
2.16e+10,Conductance,0.00472203
2.16e+10,Capacitance,1.91695e-12
2.17e+10,Resistance,6.22718
2.17e+10,Inductance,1.08647e-08
2.17e+10,Conductance,0.00474272
2.17e+10,Capacitance,1.91695e-12
2.18e+10,Resistance,6.24236
2.18e+10,Inductance,1.08646e-08
2.18e+10,Conductance,0.00476359
2.18e+10,Capacitance,1.91695e-12
2.19e+10,Resistance,6.25701
2.19e+10,Inductance,1.08646e-08
2.19e+10,Conductance,0.00478454
2.19e+10,Capacitance,1.91695e-12
2.2e+10,Resistance,6.27072
2.2e+10,Inductance,1.08645e-08
2.2e+10,Conductance,0.00480566
2.2e+10,Capacitance,1.91695e-12
2.21e+10,Resistance,6.28436
2.21e+10,Inductance,1.08644e-08
2.21e+10,Conductance,0.00482677
2.21e+10,Capacitance,1.91695e-12
2.22e+10,Resistance,6.29945
2.22e+10,Inductance,1.08644e-08
2.22e+10,Conductance,0.00484765
2.22e+10,Capacitance,1.91695e-12
2.23e+10,Resistance,6.31185
2.23e+10,Inductance,1.08643e-08
2.23e+10,Conductance,0.00486896
2.23e+10,Capacitance,1.91695e-12
2.24e+10,Resistance,6.32711
2.24e+10,Inductance,1.08642e-08
2.24e+10,Conductance,0.00488976
2.24e+10,Capacitance,1.91695e-12
2.25e+10,Resistance,6.34184
2.25e+10,Inductance,1.08642e-08
2.25e+10,Conductance,0.00491065
2.25e+10,Capacitance,1.91695e-12
2.26e+10,Resistance,6.35512
2.26e+10,Inductance,1.08641e-08
2.26e+10,Conductance,0.00493182
2.26e+10,Capacitance,1.91695e-12
2.27e+10,Resistance,6.36962
2.27e+10,Inductance,1.0864e-08
2.27e+10,Conductance,0.00495274
2.27e+10,Capacitance,1.91695e-12
2.28e+10,Resistance,6.3825
2.28e+10,Inductance,1.0864e-08
2.28e+10,Conductance,0.00497394
2.28e+10,Capacitance,1.91695e-12
2.29e+10,Resistance,6.39648
2.29e+10,Inductance,1.08639e-08
2.29e+10,Conductance,0.00499494
2.29e+10,Capacitance,1.91695e-12
2.3e+10,Resistance,6.41049
2.3e+10,Inductance,1.08638e-08
2.3e+10,Conductance,0.0050159
2.3e+10,Capacitance,1.91695e-12
2.31e+10,Resistance,6.42508
2.31e+10,Inductance,1.08638e-08
2.31e+10,Conductance,0.0050368
2.31e+10,Capacitance,1.91695e-12
2.32e+10,Resistance,6.43768
2.32e+10,Inductance,1.08637e-08
2.32e+10,Conductance,0.00505802
2.32e+10,Capacitance,1.91695e-12
2.33e+10,Resistance,6.45395
2.33e+10,Inductance,1.08636e-08
2.33e+10,Conductance,0.00507859
2.33e+10,Capacitance,1.91695e-12
2.34e+10,Resistance,6.46502
2.34e+10,Inductance,1.08636e-08
2.34e+10,Conductance,0.00510005
2.34e+10,Capacitance,1.91695e-12
2.35e+10,Resistance,6.47951
2.35e+10,Inductance,1.08635e-08
2.35e+10,Conductance,0.00512093
2.35e+10,Capacitance,1.91695e-12
2.36e+10,Resistance,6.49503
2.36e+10,Inductance,1.08634e-08
2.36e+10,Conductance,0.0051416
2.36e+10,Capacitance,1.91695e-12
2.37e+10,Resistance,6.50967
2.37e+10,Inductance,1.08634e-08
2.37e+10,Conductance,0.00516245
2.37e+10,Capacitance,1.91695e-12
2.38e+10,Resistance,6.51911
2.38e+10,Inductance,1.08633e-08
2.38e+10,Conductance,0.00518418
2.38e+10,Capacitance,1.91695e-12
2.39e+10,Resistance,6.53474
2.39e+10,Inductance,1.08633e-08
2.39e+10,Conductance,0.0052048
2.39e+10,Capacitance,1.91695e-12
2.4e+10,Resistance,6.54756
2.4e+10,Inductance,1.08632e-08
2.4e+10,Conductance,0.00522593
2.4e+10,Capacitance,1.91695e-12
2.41e+10,Resistance,6.56323
2.41e+10,Inductance,1.08632e-08
2.41e+10,Conductance,0.00524655
2.41e+10,Capacitance,1.91695e-12
2.42e+10,Resistance,6.5789
2.42e+10,Inductance,1.08631e-08
2.42e+10,Conductance,0.00526718
2.42e+10,Capacitance,1.91695e-12
2.43e+10,Resistance,6.59407
2.43e+10,Inductance,1.0863e-08
2.43e+10,Conductance,0.00528787
2.43e+10,Capacitance,1.91696e-12
2.44e+10,Resistance,6.60462
2.44e+10,Inductance,1.0863e-08
2.44e+10,Conductance,0.00530938
2.44e+10,Capacitance,1.91695e-12
2.45e+10,Resistance,6.62001
2.45e+10,Inductance,1.08629e-08
2.45e+10,Conductance,0.00533
2.45e+10,Capacitance,1.91695e-12
2.46e+10,Resistance,6.62892
2.46e+10,Inductance,1.08628e-08
2.46e+10,Conductance,0.00535178
2.46e+10,Capacitance,1.91695e-12
2.47e+10,Resistance,6.64273
2.47e+10,Inductance,1.08628e-08
2.47e+10,Conductance,0.00537272
2.47e+10,Capacitance,1.91695e-12
2.48e+10,Resistance,6.65829
2.48e+10,Inductance,1.08627e-08
2.48e+10,Conductance,0.00539328
2.48e+10,Capacitance,1.91695e-12
2.49e+10,Resistance,6.67118
2.49e+10,Inductance,1.08627e-08
2.49e+10,Conductance,0.00541435
2.49e+10,Capacitance,1.91695e-12
2.5e+10,Resistance,6.68608
2.5e+10,Inductance,1.08626e-08
2.5e+10,Conductance,0.00543502
2.5e+10,Capacitance,1.91695e-12
2.51e+10,Resistance,6.69811
2.51e+10,Inductance,1.08626e-08
2.51e+10,Conductance,0.00545621
2.51e+10,Capacitance,1.91695e-12
2.52e+10,Resistance,6.71143
2.52e+10,Inductance,1.08625e-08
2.52e+10,Conductance,0.00547718
2.52e+10,Capacitance,1.91695e-12
2.53e+10,Resistance,6.72314
2.53e+10,Inductance,1.08625e-08
2.53e+10,Conductance,0.00549842
2.53e+10,Capacitance,1.91695e-12
2.54e+10,Resistance,6.73856
2.54e+10,Inductance,1.08624e-08
2.54e+10,Conductance,0.005519
2.54e+10,Capacitance,1.91695e-12
2.55e+10,Resistance,6.74907
2.55e+10,Inductance,1.08623e-08
2.55e+10,Conductance,0.00554047
2.55e+10,Capacitance,1.91695e-12
2.56e+10,Resistance,6.76233
2.56e+10,Inductance,1.08623e-08
2.56e+10,Conductance,0.0055614
2.56e+10,Capacitance,1.91695e-12
2.57e+10,Resistance,6.77634
2.57e+10,Inductance,1.08622e-08
2.57e+10,Conductance,0.00558221
2.57e+10,Capacitance,1.91695e-12
2.58e+10,Resistance,6.79048
2.58e+10,Inductance,1.08622e-08
2.58e+10,Conductance,0.005603
2.58e+10,Capacitance,1.91695e-12
2.59e+10,Resistance,6.80416
2.59e+10,Inductance,1.08621e-08
2.59e+10,Conductance,0.00562384
2.59e+10,Capacitance,1.91695e-12
2.6e+10,Resistance,6.81734
2.6e+10,Inductance,1.08621e-08
2.6e+10,Conductance,0.00564479
2.6e+10,Capacitance,1.91695e-12
2.61e+10,Resistance,6.8297
2.61e+10,Inductance,1.0862e-08
2.61e+10,Conductance,0.00566583
2.61e+10,Capacitance,1.91695e-12
2.62e+10,Resistance,6.84342
2.62e+10,Inductance,1.0862e-08
2.62e+10,Conductance,0.00568668
2.62e+10,Capacitance,1.91695e-12
2.63e+10,Resistance,6.85587
2.63e+10,Inductance,1.08619e-08
2.63e+10,Conductance,0.00570775
2.63e+10,Capacitance,1.91695e-12
2.64e+10,Resistance,6.86961
2.64e+10,Inductance,1.08619e-08
2.64e+10,Conductance,0.00572853
2.64e+10,Capacitance,1.91695e-12
2.65e+10,Resistance,6.88072
2.65e+10,Inductance,1.08618e-08
2.65e+10,Conductance,0.00574983
2.65e+10,Capacitance,1.91695e-12
2.66e+10,Resistance,6.89552
2.66e+10,Inductance,1.08618e-08
2.66e+10,Conductance,0.00577043
2.66e+10,Capacitance,1.91695e-12
2.67e+10,Resistance,6.90803
2.67e+10,Inductance,1.08617e-08
2.67e+10,Conductance,0.00579142
2.67e+10,Capacitance,1.91695e-12
2.68e+10,Resistance,6.91952
2.68e+10,Inductance,1.08616e-08
2.68e+10,Conductance,0.00581264
2.68e+10,Capacitance,1.91695e-12
2.69e+10,Resistance,6.93319
2.69e+10,Inductance,1.08616e-08
2.69e+10,Conductance,0.00583345
2.69e+10,Capacitance,1.91695e-12
2.7e+10,Resistance,6.94774
2.7e+10,Inductance,1.08615e-08
2.7e+10,Conductance,0.00585406
2.7e+10,Capacitance,1.91695e-12
2.71e+10,Resistance,6.95868
2.71e+10,Inductance,1.08615e-08
2.71e+10,Conductance,0.00587534
2.71e+10,Capacitance,1.91695e-12
2.72e+10,Resistance,6.97221
2.72e+10,Inductance,1.08615e-08
2.72e+10,Conductance,0.00589616
2.72e+10,Capacitance,1.91695e-12
2.73e+10,Resistance,6.9875
2.73e+10,Inductance,1.08614e-08
2.73e+10,Conductance,0.00591665
2.73e+10,Capacitance,1.91695e-12
2.74e+10,Resistance,6.99667
2.74e+10,Inductance,1.08614e-08
2.74e+10,Conductance,0.00593818
2.74e+10,Capacitance,1.91695e-12
2.75e+10,Resistance,7.00713
2.75e+10,Inductance,1.08613e-08
2.75e+10,Conductance,0.00595952
2.75e+10,Capacitance,1.91695e-12
2.76e+10,Resistance,7.02494
2.76e+10,Inductance,1.08612e-08
2.76e+10,Conductance,0.00597956
2.76e+10,Capacitance,1.91695e-12
2.77e+10,Resistance,7.03137
2.77e+10,Inductance,1.08612e-08
2.77e+10,Conductance,0.00600161
2.77e+10,Capacitance,1.91695e-12
2.78e+10,Resistance,7.04898
2.78e+10,Inductance,1.08612e-08
2.78e+10,Conductance,0.00602164
2.78e+10,Capacitance,1.91695e-12
2.79e+10,Resistance,7.06062
2.79e+10,Inductance,1.08611e-08
2.79e+10,Conductance,0.00604272
2.79e+10,Capacitance,1.91695e-12
2.8e+10,Resistance,7.07338
2.8e+10,Inductance,1.08611e-08
2.8e+10,Conductance,0.00606364
2.8e+10,Capacitance,1.91695e-12
2.81e+10,Resistance,7.08593
2.81e+10,Inductance,1.0861e-08
2.81e+10,Conductance,0.00608459
2.81e+10,Capacitance,1.91695e-12
2.82e+10,Resistance,7.09961
2.82e+10,Inductance,1.0861e-08
2.82e+10,Conductance,0.00610529
2.82e+10,Capacitance,1.91695e-12
2.83e+10,Resistance,7.11067
2.83e+10,Inductance,1.08609e-08
2.83e+10,Conductance,0.00612649
2.83e+10,Capacitance,1.91695e-12
2.84e+10,Resistance,7.12328
2.84e+10,Inductance,1.08609e-08
2.84e+10,Conductance,0.00614739
2.84e+10,Capacitance,1.91695e-12
2.85e+10,Resistance,7.1364
2.85e+10,Inductance,1.08608e-08
2.85e+10,Conductance,0.00616818
2.85e+10,Capacitance,1.91695e-12
2.86e+10,Resistance,7.14995
2.86e+10,Inductance,1.08608e-08
2.86e+10,Conductance,0.00618891
2.86e+10,Capacitance,1.91695e-12
2.87e+10,Resistance,7.16246
2.87e+10,Inductance,1.08607e-08
2.87e+10,Conductance,0.00620982
2.87e+10,Capacitance,1.91695e-12
2.88e+10,Resistance,7.17306
2.88e+10,Inductance,1.08607e-08
2.88e+10,Conductance,0.00623106
2.88e+10,Capacitance,1.91695e-12
2.89e+10,Resistance,7.18745
2.89e+10,Inductance,1.08606e-08
2.89e+10,Conductance,0.00625164
2.89e+10,Capacitance,1.91695e-12
2.9e+10,Resistance,7.19778
2.9e+10,Inductance,1.08606e-08
2.9e+10,Conductance,0.00627291
2.9e+10,Capacitance,1.91695e-12
2.91e+10,Resistance,7.21279
2.91e+10,Inductance,1.08605e-08
2.91e+10,Conductance,0.00629334
2.91e+10,Capacitance,1.91695e-12
2.92e+10,Resistance,7.22377
2.92e+10,Inductance,1.08605e-08
2.92e+10,Conductance,0.0063145
2.92e+10,Capacitance,1.91695e-12
2.93e+10,Resistance,7.23459
2.93e+10,Inductance,1.08604e-08
2.93e+10,Conductance,0.00633568
2.93e+10,Capacitance,1.91695e-12
2.94e+10,Resistance,7.24735
2.94e+10,Inductance,1.08604e-08
2.94e+10,Conductance,0.0063565
2.94e+10,Capacitance,1.91695e-12
2.95e+10,Resistance,7.26063
2.95e+10,Inductance,1.08604e-08
2.95e+10,Conductance,0.00637721
2.95e+10,Capacitance,1.91695e-12
2.96e+10,Resistance,7.2726
2.96e+10,Inductance,1.08603e-08
2.96e+10,Conductance,0.00639818
2.96e+10,Capacitance,1.91695e-12
2.97e+10,Resistance,7.28456
2.97e+10,Inductance,1.08603e-08
2.97e+10,Conductance,0.00641914
2.97e+10,Capacitance,1.91695e-12
2.98e+10,Resistance,7.29701
2.98e+10,Inductance,1.08602e-08
2.98e+10,Conductance,0.00644002
2.98e+10,Capacitance,1.91695e-12
2.99e+10,Resistance,7.31006
2.99e+10,Inductance,1.08602e-08
2.99e+10,Conductance,0.00646074
2.99e+10,Capacitance,1.91695e-12
3e+10,Resistance,7.32281
3e+10,Inductance,1.08601e-08
3e+10,Conductance,0.00648157
3e+10,Capacitance,1.91695e-12
3.01e+10,Resistance,7.33299
3.01e+10,Inductance,1.08601e-08
3.01e+10,Conductance,0.00650279
3.01e+10,Capacitance,1.91695e-12
3.02e+10,Resistance,7.34451
3.02e+10,Inductance,1.08601e-08
3.02e+10,Conductance,0.0065238
3.02e+10,Capacitance,1.91695e-12
3.03e+10,Resistance,7.35985
3.03e+10,Inductance,1.086e-08
3.03e+10,Conductance,0.00654414
3.03e+10,Capacitance,1.91695e-12
3.04e+10,Resistance,7.36913
3.04e+10,Inductance,1.086e-08
3.04e+10,Conductance,0.00656552
3.04e+10,Capacitance,1.91695e-12
3.05e+10,Resistance,7.38305
3.05e+10,Inductance,1.08599e-08
3.05e+10,Conductance,0.0065861
3.05e+10,Capacitance,1.91695e-12
3.06e+10,Resistance,7.39645
3.06e+10,Inductance,1.08599e-08
3.06e+10,Conductance,0.00660676
3.06e+10,Capacitance,1.91695e-12
3.07e+10,Resistance,7.4073
3.07e+10,Inductance,1.08598e-08
3.07e+10,Conductance,0.00662785
3.07e+10,Capacitance,1.91695e-12
3.08e+10,Resistance,7.41959
3.08e+10,Inductance,1.08598e-08
3.08e+10,Conductance,0.00664867
3.08e+10,Capacitance,1.91695e-12
3.09e+10,Resistance,7.43016
3.09e+10,Inductance,1.08598e-08
3.09e+10,Conductance,0.00666981
3.09e+10,Capacitance,1.91695e-12
3.1e+10,Resistance,7.44426
3.1e+10,Inductance,1.08597e-08
3.1e+10,Conductance,0.00669033
3.1e+10,Capacitance,1.91695e-12
3.11e+10,Resistance,7.45687
3.11e+10,Inductance,1.08597e-08
3.11e+10,Conductance,0.00671115
3.11e+10,Capacitance,1.91696e-12
3.12e+10,Resistance,7.46878
3.12e+10,Inductance,1.08596e-08
3.12e+10,Conductance,0.00673198
3.12e+10,Capacitance,1.91695e-12
3.13e+10,Resistance,7.47425
3.13e+10,Inductance,1.08596e-08
3.13e+10,Conductance,0.00675403
3.13e+10,Capacitance,1.91695e-12
3.14e+10,Resistance,7.4901
3.14e+10,Inductance,1.08595e-08
3.14e+10,Conductance,0.00677422
3.14e+10,Capacitance,1.91695e-12
3.15e+10,Resistance,7.50073
3.15e+10,Inductance,1.08595e-08
3.15e+10,Conductance,0.00679532
3.15e+10,Capacitance,1.91695e-12
3.16e+10,Resistance,7.51821
3.16e+10,Inductance,1.08595e-08
3.16e+10,Conductance,0.0068152
3.16e+10,Capacitance,1.91695e-12
3.17e+10,Resistance,7.52426
3.17e+10,Inductance,1.08594e-08
3.17e+10,Conductance,0.00683711
3.17e+10,Capacitance,1.91695e-12
3.18e+10,Resistance,7.53717
3.18e+10,Inductance,1.08594e-08
3.18e+10,Conductance,0.00685779
3.18e+10,Capacitance,1.91695e-12
3.19e+10,Resistance,7.54822
3.19e+10,Inductance,1.08593e-08
3.19e+10,Conductance,0.0068788
3.19e+10,Capacitance,1.91695e-12
3.2e+10,Resistance,7.5625
3.2e+10,Inductance,1.08593e-08
3.2e+10,Conductance,0.00689924
3.2e+10,Capacitance,1.91695e-12
3.21e+10,Resistance,7.57339
3.21e+10,Inductance,1.08593e-08
3.21e+10,Conductance,0.00692028
3.21e+10,Capacitance,1.91695e-12
3.22e+10,Resistance,7.58663
3.22e+10,Inductance,1.08592e-08
3.22e+10,Conductance,0.00694089
3.22e+10,Capacitance,1.91695e-12
3.23e+10,Resistance,7.59673
3.23e+10,Inductance,1.08592e-08
3.23e+10,Conductance,0.00696204
3.23e+10,Capacitance,1.91695e-12
3.24e+10,Resistance,7.61077
3.24e+10,Inductance,1.08592e-08
3.24e+10,Conductance,0.0069825
3.24e+10,Capacitance,1.91695e-12
3.25e+10,Resistance,7.62057
3.25e+10,Inductance,1.08591e-08
3.25e+10,Conductance,0.00700372
3.25e+10,Capacitance,1.91695e-12
3.26e+10,Resistance,7.632
3.26e+10,Inductance,1.08591e-08
3.26e+10,Conductance,0.00702464
3.26e+10,Capacitance,1.91695e-12
3.27e+10,Resistance,7.64469
3.27e+10,Inductance,1.0859e-08
3.27e+10,Conductance,0.00704534
3.27e+10,Capacitance,1.91695e-12
3.28e+10,Resistance,7.65599
3.28e+10,Inductance,1.0859e-08
3.28e+10,Conductance,0.00706625
3.28e+10,Capacitance,1.91695e-12
3.29e+10,Resistance,7.66827
3.29e+10,Inductance,1.0859e-08
3.29e+10,Conductance,0.00708699
3.29e+10,Capacitance,1.91695e-12
3.3e+10,Resistance,7.68032
3.3e+10,Inductance,1.08589e-08
3.3e+10,Conductance,0.00710776
3.3e+10,Capacitance,1.91695e-12
3.31e+10,Resistance,7.69237
3.31e+10,Inductance,1.08589e-08
3.31e+10,Conductance,0.00712858
3.31e+10,Capacitance,1.91695e-12
3.32e+10,Resistance,7.70064
3.32e+10,Inductance,1.08589e-08
3.32e+10,Conductance,0.00715
3.32e+10,Capacitance,1.91695e-12
3.33e+10,Resistance,7.71505
3.33e+10,Inductance,1.08588e-08
3.33e+10,Conductance,0.00717039
3.33e+10,Capacitance,1.91695e-12
3.34e+10,Resistance,7.72656
3.34e+10,Inductance,1.08588e-08
3.34e+10,Conductance,0.00719126
3.34e+10,Capacitance,1.91695e-12
3.35e+10,Resistance,7.73594
3.35e+10,Inductance,1.08587e-08
3.35e+10,Conductance,0.00721247
3.35e+10,Capacitance,1.91695e-12
3.36e+10,Resistance,7.75044
3.36e+10,Inductance,1.08587e-08
3.36e+10,Conductance,0.0072328
3.36e+10,Capacitance,1.91695e-12
3.37e+10,Resistance,7.76162
3.37e+10,Inductance,1.08587e-08
3.37e+10,Conductance,0.00725373
3.37e+10,Capacitance,1.91695e-12
3.38e+10,Resistance,7.77287
3.38e+10,Inductance,1.08586e-08
3.38e+10,Conductance,0.00727464
3.38e+10,Capacitance,1.91696e-12
3.39e+10,Resistance,7.7861
3.39e+10,Inductance,1.08586e-08
3.39e+10,Conductance,0.00729519
3.39e+10,Capacitance,1.91695e-12
3.4e+10,Resistance,7.7957
3.4e+10,Inductance,1.08586e-08
3.4e+10,Conductance,0.00731635
3.4e+10,Capacitance,1.91695e-12
3.41e+10,Resistance,7.80566
3.41e+10,Inductance,1.08585e-08
3.41e+10,Conductance,0.00733748
3.41e+10,Capacitance,1.91695e-12
3.42e+10,Resistance,7.81719
3.42e+10,Inductance,1.08585e-08
3.42e+10,Conductance,0.00735827
3.42e+10,Capacitance,1.91695e-12
3.43e+10,Resistance,7.82972
3.43e+10,Inductance,1.08584e-08
3.43e+10,Conductance,0.00737896
3.43e+10,Capacitance,1.91696e-12
3.44e+10,Resistance,7.8414
3.44e+10,Inductance,1.08584e-08
3.44e+10,Conductance,0.00739971
3.44e+10,Capacitance,1.91695e-12
3.45e+10,Resistance,7.85011
3.45e+10,Inductance,1.08584e-08
3.45e+10,Conductance,0.00742105
3.45e+10,Capacitance,1.91695e-12
3.46e+10,Resistance,7.86087
3.46e+10,Inductance,1.08584e-08
3.46e+10,Conductance,0.007442
3.46e+10,Capacitance,1.91695e-12
3.47e+10,Resistance,7.87965
3.47e+10,Inductance,1.08583e-08
3.47e+10,Conductance,0.00746151
3.47e+10,Capacitance,1.91695e-12
3.48e+10,Resistance,7.88828
3.48e+10,Inductance,1.08583e-08
3.48e+10,Conductance,0.00748285
3.48e+10,Capacitance,1.91695e-12
3.49e+10,Resistance,7.89616
3.49e+10,Inductance,1.08582e-08
3.49e+10,Conductance,0.00750431
3.49e+10,Capacitance,1.91696e-12
3.5e+10,Resistance,7.90836
3.5e+10,Inductance,1.08582e-08
3.5e+10,Conductance,0.00752499
3.5e+10,Capacitance,1.91695e-12
3.51e+10,Resistance,7.92229
3.51e+10,Inductance,1.08582e-08
3.51e+10,Conductance,0.00754536
3.51e+10,Capacitance,1.91695e-12
3.52e+10,Resistance,7.93389
3.52e+10,Inductance,1.08581e-08
3.52e+10,Conductance,0.00756611
3.52e+10,Capacitance,1.91695e-12
3.53e+10,Resistance,7.94007
3.53e+10,Inductance,1.08581e-08
3.53e+10,Conductance,0.00758786
3.53e+10,Capacitance,1.91695e-12
3.54e+10,Resistance,7.95085
3.54e+10,Inductance,1.08581e-08
3.54e+10,Conductance,0.00760881
3.54e+10,Capacitance,1.91695e-12
3.55e+10,Resistance,7.96583
3.55e+10,Inductance,1.0858e-08
3.55e+10,Conductance,0.00762896
3.55e+10,Capacitance,1.91695e-12
3.56e+10,Resistance,7.9748
3.56e+10,Inductance,1.0858e-08
3.56e+10,Conductance,0.00765018
3.56e+10,Capacitance,1.91695e-12
3.57e+10,Resistance,7.98702
3.57e+10,Inductance,1.0858e-08
3.57e+10,Conductance,0.00767084
3.57e+10,Capacitance,1.91695e-12
3.58e+10,Resistance,7.99786
3.58e+10,Inductance,1.08579e-08
3.58e+10,Conductance,0.00769171
3.58e+10,Capacitance,1.91695e-12
3.59e+10,Resistance,8.00901
3.59e+10,Inductance,1.08579e-08
3.59e+10,Conductance,0.00771258
3.59e+10,Capacitance,1.91695e-12
3.6e+10,Resistance,8.0221
3.6e+10,Inductance,1.08579e-08
3.6e+10,Conductance,0.00773306
3.6e+10,Capacitance,1.91695e-12
3.61e+10,Resistance,8.03096
3.61e+10,Inductance,1.08578e-08
3.61e+10,Conductance,0.00775429
3.61e+10,Capacitance,1.91695e-12
3.62e+10,Resistance,8.04237
3.62e+10,Inductance,1.08578e-08
3.62e+10,Conductance,0.00777506
3.62e+10,Capacitance,1.91695e-12
3.63e+10,Resistance,8.05537
3.63e+10,Inductance,1.08578e-08
3.63e+10,Conductance,0.00779553
3.63e+10,Capacitance,1.91695e-12
3.64e+10,Resistance,8.06497
3.64e+10,Inductance,1.08577e-08
3.64e+10,Conductance,0.00781664
3.64e+10,Capacitance,1.91695e-12
3.65e+10,Resistance,8.07695
3.65e+10,Inductance,1.08577e-08
3.65e+10,Conductance,0.00783731
3.65e+10,Capacitance,1.91695e-12
3.66e+10,Resistance,8.08794
3.66e+10,Inductance,1.08577e-08
3.66e+10,Conductance,0.00785814
3.66e+10,Capacitance,1.91695e-12
3.67e+10,Resistance,8.09657
3.67e+10,Inductance,1.08576e-08
3.67e+10,Conductance,0.00787937
3.67e+10,Capacitance,1.91695e-12
3.68e+10,Resistance,8.1098
3.68e+10,Inductance,1.08576e-08
3.68e+10,Conductance,0.00789983
3.68e+10,Capacitance,1.91695e-12
3.69e+10,Resistance,8.11993
3.69e+10,Inductance,1.08576e-08
3.69e+10,Conductance,0.0079208
3.69e+10,Capacitance,1.91695e-12
3.7e+10,Resistance,8.13355
3.7e+10,Inductance,1.08575e-08
3.7e+10,Conductance,0.00794116
3.7e+10,Capacitance,1.91696e-12
3.71e+10,Resistance,8.14431
3.71e+10,Inductance,1.08575e-08
3.71e+10,Conductance,0.00796203
3.71e+10,Capacitance,1.91695e-12
3.72e+10,Resistance,8.15555
3.72e+10,Inductance,1.08575e-08
3.72e+10,Conductance,0.00798278
3.72e+10,Capacitance,1.91695e-12
3.73e+10,Resistance,8.1636
3.73e+10,Inductance,1.08574e-08
3.73e+10,Conductance,0.00800411
3.73e+10,Capacitance,1.91695e-12
3.74e+10,Resistance,8.1753
3.74e+10,Inductance,1.08574e-08
3.74e+10,Conductance,0.0080248
3.74e+10,Capacitance,1.91695e-12
3.75e+10,Resistance,8.18713
3.75e+10,Inductance,1.08574e-08
3.75e+10,Conductance,0.00804544
3.75e+10,Capacitance,1.91695e-12
3.76e+10,Resistance,8.19349
3.76e+10,Inductance,1.08574e-08
3.76e+10,Conductance,0.00806705
3.76e+10,Capacitance,1.91695e-12
3.77e+10,Resistance,8.21194
3.77e+10,Inductance,1.08573e-08
3.77e+10,Conductance,0.00808658
3.77e+10,Capacitance,1.91696e-12
3.78e+10,Resistance,8.22141
3.78e+10,Inductance,1.08573e-08
3.78e+10,Conductance,0.00810761
3.78e+10,Capacitance,1.91695e-12
3.79e+10,Resistance,8.22842
3.79e+10,Inductance,1.08573e-08
3.79e+10,Conductance,0.00812911
3.79e+10,Capacitance,1.91695e-12
3.8e+10,Resistance,8.24096
3.8e+10,Inductance,1.08572e-08
3.8e+10,Conductance,0.00814964
3.8e+10,Capacitance,1.91696e-12
3.81e+10,Resistance,8.25477
3.81e+10,Inductance,1.08572e-08
3.81e+10,Conductance,0.00816993
3.81e+10,Capacitance,1.91696e-12
3.82e+10,Resistance,8.26275
3.82e+10,Inductance,1.08572e-08
3.82e+10,Conductance,0.00819124
3.82e+10,Capacitance,1.91696e-12
3.83e+10,Resistance,8.27611
3.83e+10,Inductance,1.08571e-08
3.83e+10,Conductance,0.00821158
3.83e+10,Capacitance,1.91696e-12
3.84e+10,Resistance,8.28006
3.84e+10,Inductance,1.08571e-08
3.84e+10,Conductance,0.00823358
3.84e+10,Capacitance,1.91695e-12
3.85e+10,Resistance,8.29384
3.85e+10,Inductance,1.08571e-08
3.85e+10,Conductance,0.00825385
3.85e+10,Capacitance,1.91695e-12
3.86e+10,Resistance,8.30304
3.86e+10,Inductance,1.08571e-08
3.86e+10,Conductance,0.00827497
3.86e+10,Capacitance,1.91695e-12
3.87e+10,Resistance,8.31647
3.87e+10,Inductance,1.0857e-08
3.87e+10,Conductance,0.00829531
3.87e+10,Capacitance,1.91695e-12
3.88e+10,Resistance,8.32489
3.88e+10,Inductance,1.0857e-08
3.88e+10,Conductance,0.0083165
3.88e+10,Capacitance,1.91695e-12
3.89e+10,Resistance,8.33863
3.89e+10,Inductance,1.0857e-08
3.89e+10,Conductance,0.00833678
3.89e+10,Capacitance,1.91695e-12
3.9e+10,Resistance,8.3462
3.9e+10,Inductance,1.08569e-08
3.9e+10,Conductance,0.00835816
3.9e+10,Capacitance,1.91696e-12
3.91e+10,Resistance,8.35774
3.91e+10,Inductance,1.08569e-08
3.91e+10,Conductance,0.00837879
3.91e+10,Capacitance,1.91695e-12
3.92e+10,Resistance,8.36844
3.92e+10,Inductance,1.08569e-08
3.92e+10,Conductance,0.00839956
3.92e+10,Capacitance,1.91695e-12
3.93e+10,Resistance,8.37843
3.93e+10,Inductance,1.08569e-08
3.93e+10,Conductance,0.00842051
3.93e+10,Capacitance,1.91695e-12
3.94e+10,Resistance,8.39151
3.94e+10,Inductance,1.08568e-08
3.94e+10,Conductance,0.00844089
3.94e+10,Capacitance,1.91695e-12
3.95e+10,Resistance,8.40051
3.95e+10,Inductance,1.08568e-08
3.95e+10,Conductance,0.00846197
3.95e+10,Capacitance,1.91695e-12
3.96e+10,Resistance,8.41338
3.96e+10,Inductance,1.08568e-08
3.96e+10,Conductance,0.00848239
3.96e+10,Capacitance,1.91695e-12
3.97e+10,Resistance,8.42278
3.97e+10,Inductance,1.08567e-08
3.97e+10,Conductance,0.00850338
3.97e+10,Capacitance,1.91695e-12
3.98e+10,Resistance,8.43366
3.98e+10,Inductance,1.08567e-08
3.98e+10,Conductance,0.00852414
3.98e+10,Capacitance,1.91695e-12
3.99e+10,Resistance,8.44278
3.99e+10,Inductance,1.08567e-08
3.99e+10,Conductance,0.00854517
3.99e+10,Capacitance,1.91695e-12
4e+10,Resistance,8.45513
4e+10,Inductance,1.08567e-08
4e+10,Conductance,0.00856568
4e+10,Capacitance,1.91695e-12
4.01e+10,Resistance,8.46574
4.01e+10,Inductance,1.08566e-08
4.01e+10,Conductance,0.00858646
4.01e+10,Capacitance,1.91695e-12
4.02e+10,Resistance,8.47481
4.02e+10,Inductance,1.08566e-08
4.02e+10,Conductance,0.00860749
4.02e+10,Capacitance,1.91695e-12
4.03e+10,Resistance,8.48589
4.03e+10,Inductance,1.08566e-08
4.03e+10,Conductance,0.00862821
4.03e+10,Capacitance,1.91696e-12
4.04e+10,Resistance,8.49613
4.04e+10,Inductance,1.08565e-08
4.04e+10,Conductance,0.00864908
4.04e+10,Capacitance,1.91696e-12
4.05e+10,Resistance,8.50592
4.05e+10,Inductance,1.08565e-08
4.05e+10,Conductance,0.00866998
4.05e+10,Capacitance,1.91695e-12
4.06e+10,Resistance,8.51758
4.06e+10,Inductance,1.08565e-08
4.06e+10,Conductance,0.00869056
4.06e+10,Capacitance,1.91695e-12
4.07e+10,Resistance,8.52688
4.07e+10,Inductance,1.08564e-08
4.07e+10,Conductance,0.00871157
4.07e+10,Capacitance,1.91696e-12
4.08e+10,Resistance,8.53887
4.08e+10,Inductance,1.08564e-08
4.08e+10,Conductance,0.0087321
4.08e+10,Capacitance,1.91696e-12
4.09e+10,Resistance,8.5497
4.09e+10,Inductance,1.08564e-08
4.09e+10,Conductance,0.0087528
4.09e+10,Capacitance,1.91695e-12
4.1e+10,Resistance,8.56186
4.1e+10,Inductance,1.08564e-08
4.1e+10,Conductance,0.00877331
4.1e+10,Capacitance,1.91696e-12
4.11e+10,Resistance,8.57079
4.11e+10,Inductance,1.08563e-08
4.11e+10,Conductance,0.00879434
4.11e+10,Capacitance,1.91695e-12
4.12e+10,Resistance,8.57555
4.12e+10,Inductance,1.08563e-08
4.12e+10,Conductance,0.00881613
4.12e+10,Capacitance,1.91695e-12
4.13e+10,Resistance,8.58688
4.13e+10,Inductance,1.08563e-08
4.13e+10,Conductance,0.00883675
4.13e+10,Capacitance,1.91696e-12
4.14e+10,Resistance,8.60209
4.14e+10,Inductance,1.08563e-08
4.14e+10,Conductance,0.00885669
4.14e+10,Capacitance,1.91696e-12
4.15e+10,Resistance,8.61121
4.15e+10,Inductance,1.08562e-08
4.15e+10,Conductance,0.00887771
4.15e+10,Capacitance,1.91696e-12
4.16e+10,Resistance,8.62306
4.16e+10,Inductance,1.08562e-08
4.16e+10,Conductance,0.00889822
4.16e+10,Capacitance,1.91695e-12
4.17e+10,Resistance,8.63673
4.17e+10,Inductance,1.08562e-08
4.17e+10,Conductance,0.00891839
4.17e+10,Capacitance,1.91695e-12
4.18e+10,Resistance,8.64275
4.18e+10,Inductance,1.08562e-08
4.18e+10,Conductance,0.00893995
4.18e+10,Capacitance,1.91695e-12
4.19e+10,Resistance,8.65617
4.19e+10,Inductance,1.08561e-08
4.19e+10,Conductance,0.0089602
4.19e+10,Capacitance,1.91695e-12
4.2e+10,Resistance,8.66085
4.2e+10,Inductance,1.08561e-08
4.2e+10,Conductance,0.00898197
4.2e+10,Capacitance,1.91696e-12
4.21e+10,Resistance,8.67627
4.21e+10,Inductance,1.08561e-08
4.21e+10,Conductance,0.00900185
4.21e+10,Capacitance,1.91695e-12
4.22e+10,Resistance,8.68726
4.22e+10,Inductance,1.08561e-08
4.22e+10,Conductance,0.00902248
4.22e+10,Capacitance,1.91695e-12
4.23e+10,Resistance,8.69716
4.23e+10,Inductance,1.0856e-08
4.23e+10,Conductance,0.00904335
4.23e+10,Capacitance,1.91695e-12
4.24e+10,Resistance,8.70759
4.24e+10,Inductance,1.0856e-08
4.24e+10,Conductance,0.00906409
4.24e+10,Capacitance,1.91695e-12
4.25e+10,Resistance,8.71616
4.25e+10,Inductance,1.0856e-08
4.25e+10,Conductance,0.00908519
4.25e+10,Capacitance,1.91696e-12
4.26e+10,Resistance,8.72225
4.26e+10,Inductance,1.08559e-08
4.26e+10,Conductance,0.00910669
4.26e+10,Capacitance,1.91695e-12
4.27e+10,Resistance,8.7358
4.27e+10,Inductance,1.08559e-08
4.27e+10,Conductance,0.0091269
4.27e+10,Capacitance,1.91696e-12
4.28e+10,Resistance,8.74738
4.28e+10,Inductance,1.08559e-08
4.28e+10,Conductance,0.0091474
4.28e+10,Capacitance,1.91696e-12
4.29e+10,Resistance,8.75457
4.29e+10,Inductance,1.08559e-08
4.29e+10,Conductance,0.0091687
4.29e+10,Capacitance,1.91695e-12
4.3e+10,Resistance,8.76563
4.3e+10,Inductance,1.08559e-08
4.3e+10,Conductance,0.00918933
4.3e+10,Capacitance,1.91695e-12
4.31e+10,Resistance,8.77672
4.31e+10,Inductance,1.08558e-08
4.31e+10,Conductance,0.00920993
4.31e+10,Capacitance,1.91695e-12
4.32e+10,Resistance,8.78379
4.32e+10,Inductance,1.08558e-08
4.32e+10,Conductance,0.00923129
4.32e+10,Capacitance,1.91695e-12
4.33e+10,Resistance,8.79706
4.33e+10,Inductance,1.08558e-08
4.33e+10,Conductance,0.00925151
4.33e+10,Capacitance,1.91695e-12
4.34e+10,Resistance,8.80661
4.34e+10,Inductance,1.08557e-08
4.34e+10,Conductance,0.0092724
4.34e+10,Capacitance,1.91696e-12
4.35e+10,Resistance,8.81714
4.35e+10,Inductance,1.08557e-08
4.35e+10,Conductance,0.00929309
4.35e+10,Capacitance,1.91695e-12
4.36e+10,Resistance,8.82591
4.36e+10,Inductance,1.08557e-08
4.36e+10,Conductance,0.0093141
4.36e+10,Capacitance,1.91695e-12
4.37e+10,Resistance,8.83743
4.37e+10,Inductance,1.08557e-08
4.37e+10,Conductance,0.0093346
4.37e+10,Capacitance,1.91695e-12
4.38e+10,Resistance,8.84522
4.38e+10,Inductance,1.08557e-08
4.38e+10,Conductance,0.00935577
4.38e+10,Capacitance,1.91695e-12
4.39e+10,Resistance,8.85552
4.39e+10,Inductance,1.08556e-08
4.39e+10,Conductance,0.00937652
4.39e+10,Capacitance,1.91696e-12
4.4e+10,Resistance,8.86396
4.4e+10,Inductance,1.08556e-08
4.4e+10,Conductance,0.00939756
4.4e+10,Capacitance,1.91695e-12
4.41e+10,Resistance,8.87783
4.41e+10,Inductance,1.08556e-08
4.41e+10,Conductance,0.00941767
4.41e+10,Capacitance,1.91696e-12
4.42e+10,Resistance,8.88517
4.42e+10,Inductance,1.08556e-08
4.42e+10,Conductance,0.00943889
4.42e+10,Capacitance,1.91695e-12
4.43e+10,Resistance,8.89612
4.43e+10,Inductance,1.08555e-08
4.43e+10,Conductance,0.00945954
4.43e+10,Capacitance,1.91696e-12
4.44e+10,Resistance,8.9063
4.44e+10,Inductance,1.08555e-08
4.44e+10,Conductance,0.00948026
4.44e+10,Capacitance,1.91696e-12
4.45e+10,Resistance,8.92136
4.45e+10,Inductance,1.08555e-08
4.45e+10,Conductance,0.00950015
4.45e+10,Capacitance,1.91696e-12
4.46e+10,Resistance,8.92822
4.46e+10,Inductance,1.08555e-08
4.46e+10,Conductance,0.00952143
4.46e+10,Capacitance,1.91695e-12
4.47e+10,Resistance,8.93879
4.47e+10,Inductance,1.08554e-08
4.47e+10,Conductance,0.00954212
4.47e+10,Capacitance,1.91695e-12
4.48e+10,Resistance,8.94778
4.48e+10,Inductance,1.08554e-08
4.48e+10,Conductance,0.00956308
4.48e+10,Capacitance,1.91696e-12
4.49e+10,Resistance,8.9563
4.49e+10,Inductance,1.08554e-08
4.49e+10,Conductance,0.00958404
4.49e+10,Capacitance,1.91695e-12
4.5e+10,Resistance,8.9633
4.5e+10,Inductance,1.08554e-08
4.5e+10,Conductance,0.00960533
4.5e+10,Capacitance,1.91695e-12
4.51e+10,Resistance,8.97861
4.51e+10,Inductance,1.08554e-08
4.51e+10,Conductance,0.00962513
4.51e+10,Capacitance,1.91695e-12
4.52e+10,Resistance,8.9829
4.52e+10,Inductance,1.08553e-08
4.52e+10,Conductance,0.00964695
4.52e+10,Capacitance,1.91696e-12
4.53e+10,Resistance,9.00271
4.53e+10,Inductance,1.08553e-08
4.53e+10,Conductance,0.00966594
4.53e+10,Capacitance,1.91696e-12
4.54e+10,Resistance,9.00424
4.54e+10,Inductance,1.08553e-08
4.54e+10,Conductance,0.00968819
4.54e+10,Capacitance,1.91696e-12
4.55e+10,Resistance,9.01769
4.55e+10,Inductance,1.08552e-08
4.55e+10,Conductance,0.00970831
4.55e+10,Capacitance,1.91696e-12
4.56e+10,Resistance,9.02862
4.56e+10,Inductance,1.08552e-08
4.56e+10,Conductance,0.0097289
4.56e+10,Capacitance,1.91696e-12
4.57e+10,Resistance,9.03585
4.57e+10,Inductance,1.08552e-08
4.57e+10,Conductance,0.00975014
4.57e+10,Capacitance,1.91696e-12
4.58e+10,Resistance,9.04604
4.58e+10,Inductance,1.08552e-08
4.58e+10,Conductance,0.00977081
4.58e+10,Capacitance,1.91696e-12
4.59e+10,Resistance,9.05843
4.59e+10,Inductance,1.08551e-08
4.59e+10,Conductance,0.00979112
4.59e+10,Capacitance,1.91696e-12
4.6e+10,Resistance,9.06719
4.6e+10,Inductance,1.08551e-08
4.6e+10,Conductance,0.00981207
4.6e+10,Capacitance,1.91695e-12
4.61e+10,Resistance,9.07729
4.61e+10,Inductance,1.08551e-08
4.61e+10,Conductance,0.00983279
4.61e+10,Capacitance,1.91696e-12
4.62e+10,Resistance,9.08562
4.62e+10,Inductance,1.08551e-08
4.62e+10,Conductance,0.00985381
4.62e+10,Capacitance,1.91696e-12
4.63e+10,Resistance,9.09729
4.63e+10,Inductance,1.08551e-08
4.63e+10,Conductance,0.00987423
4.63e+10,Capacitance,1.91696e-12
4.64e+10,Resistance,9.10656
4.64e+10,Inductance,1.0855e-08
4.64e+10,Conductance,0.00989508
4.64e+10,Capacitance,1.91696e-12
4.65e+10,Resistance,9.11264
4.65e+10,Inductance,1.0855e-08
4.65e+10,Conductance,0.0099165
4.65e+10,Capacitance,1.91696e-12
4.66e+10,Resistance,9.12521
4.66e+10,Inductance,1.0855e-08
4.66e+10,Conductance,0.00993674
4.66e+10,Capacitance,1.91696e-12
4.67e+10,Resistance,9.13353
4.67e+10,Inductance,1.0855e-08
4.67e+10,Conductance,0.00995775
4.67e+10,Capacitance,1.91696e-12
4.68e+10,Resistance,9.14207
4.68e+10,Inductance,1.0855e-08
4.68e+10,Conductance,0.0099787
4.68e+10,Capacitance,1.91695e-12
4.69e+10,Resistance,9.15238
4.69e+10,Inductance,1.08549e-08
4.69e+10,Conductance,0.00999936
4.69e+10,Capacitance,1.91696e-12
4.7e+10,Resistance,9.16206
4.7e+10,Inductance,1.08549e-08
4.7e+10,Conductance,0.0100201
4.7e+10,Capacitance,1.91695e-12
4.71e+10,Resistance,9.17381
4.71e+10,Inductance,1.08549e-08
4.71e+10,Conductance,0.0100405
4.71e+10,Capacitance,1.91696e-12
4.72e+10,Resistance,9.18168
4.72e+10,Inductance,1.08549e-08
4.72e+10,Conductance,0.0100616
4.72e+10,Capacitance,1.91695e-12
4.73e+10,Resistance,9.19555
4.73e+10,Inductance,1.08548e-08
4.73e+10,Conductance,0.0100816
4.73e+10,Capacitance,1.91696e-12
4.74e+10,Resistance,9.20001
4.74e+10,Inductance,1.08548e-08
4.74e+10,Conductance,0.0101033
4.74e+10,Capacitance,1.91695e-12
4.75e+10,Resistance,9.21196
4.75e+10,Inductance,1.08548e-08
4.75e+10,Conductance,0.0101236
4.75e+10,Capacitance,1.91695e-12
4.76e+10,Resistance,9.2227
4.76e+10,Inductance,1.08548e-08
4.76e+10,Conductance,0.0101442
4.76e+10,Capacitance,1.91696e-12
4.77e+10,Resistance,9.23295
4.77e+10,Inductance,1.08548e-08
4.77e+10,Conductance,0.0101648
4.77e+10,Capacitance,1.91695e-12
4.78e+10,Resistance,9.24417
4.78e+10,Inductance,1.08547e-08
4.78e+10,Conductance,0.0101853
4.78e+10,Capacitance,1.91695e-12
4.79e+10,Resistance,9.25137
4.79e+10,Inductance,1.08547e-08
4.79e+10,Conductance,0.0102065
4.79e+10,Capacitance,1.91695e-12
4.8e+10,Resistance,9.26223
4.8e+10,Inductance,1.08547e-08
4.8e+10,Conductance,0.010227
4.8e+10,Capacitance,1.91696e-12
4.81e+10,Resistance,9.27183
4.81e+10,Inductance,1.08547e-08
4.81e+10,Conductance,0.0102477
4.81e+10,Capacitance,1.91695e-12
4.82e+10,Resistance,9.28239
4.82e+10,Inductance,1.08547e-08
4.82e+10,Conductance,0.0102683
4.82e+10,Capacitance,1.91695e-12
4.83e+10,Resistance,9.28944
4.83e+10,Inductance,1.08546e-08
4.83e+10,Conductance,0.0102895
4.83e+10,Capacitance,1.91695e-12
4.84e+10,Resistance,9.29744
4.84e+10,Inductance,1.08546e-08
4.84e+10,Conductance,0.0103105
4.84e+10,Capacitance,1.91695e-12
4.85e+10,Resistance,9.30852
4.85e+10,Inductance,1.08546e-08
4.85e+10,Conductance,0.010331
4.85e+10,Capacitance,1.91696e-12
4.86e+10,Resistance,9.3225
4.86e+10,Inductance,1.08545e-08
4.86e+10,Conductance,0.010351
4.86e+10,Capacitance,1.91696e-12
4.87e+10,Resistance,9.32356
4.87e+10,Inductance,1.08545e-08
4.87e+10,Conductance,0.0103732
4.87e+10,Capacitance,1.91696e-12
4.88e+10,Resistance,9.3367
4.88e+10,Inductance,1.08545e-08
4.88e+10,Conductance,0.0103933
4.88e+10,Capacitance,1.91695e-12
4.89e+10,Resistance,9.34416
4.89e+10,Inductance,1.08545e-08
4.89e+10,Conductance,0.0104145
4.89e+10,Capacitance,1.91696e-12
4.9e+10,Resistance,9.35294
4.9e+10,Inductance,1.08545e-08
4.9e+10,Conductance,0.0104353
4.9e+10,Capacitance,1.91696e-12
4.91e+10,Resistance,9.37109
4.91e+10,Inductance,1.08545e-08
4.91e+10,Conductance,0.0104545
4.91e+10,Capacitance,1.91695e-12
4.92e+10,Resistance,9.37834
4.92e+10,Inductance,1.08544e-08
4.92e+10,Conductance,0.0104757
4.92e+10,Capacitance,1.91696e-12
4.93e+10,Resistance,9.38653
4.93e+10,Inductance,1.08544e-08
4.93e+10,Conductance,0.0104966
4.93e+10,Capacitance,1.91696e-12
4.94e+10,Resistance,9.39329
4.94e+10,Inductance,1.08544e-08
4.94e+10,Conductance,0.0105178
4.94e+10,Capacitance,1.91695e-12
4.95e+10,Resistance,9.40507
4.95e+10,Inductance,1.08544e-08
4.95e+10,Conductance,0.0105382
4.95e+10,Capacitance,1.91695e-12
4.96e+10,Resistance,9.4138
4.96e+10,Inductance,1.08543e-08
4.96e+10,Conductance,0.0105591
4.96e+10,Capacitance,1.91696e-12
4.97e+10,Resistance,9.42323
4.97e+10,Inductance,1.08543e-08
4.97e+10,Conductance,0.0105798
4.97e+10,Capacitance,1.91696e-12
4.98e+10,Resistance,9.43603
4.98e+10,Inductance,1.08543e-08
4.98e+10,Conductance,0.0105999
4.98e+10,Capacitance,1.91696e-12
4.99e+10,Resistance,9.44149
4.99e+10,Inductance,1.08543e-08
4.99e+10,Conductance,0.0106214
4.99e+10,Capacitance,1.91696e-12
5e+10,Resistance,9.45441
5e+10,Inductance,1.08543e-08
5e+10,Conductance,0.0106415
5e+10,Capacitance,1.91695e-12
